Post id,Date,Post text,Post Link,Impressions,Likes,Engagements,Bookmarks,Shares,New follows,Replies,Reposts,Profile visits,Detail Expands,URL Clicks,Hashtag Clicks,Permalink Clicks
2027324435158704495,"Fri, Feb 27, 2026","@oliviscusAI 7,000! Congratulations üëèüéâ https://t.co/j7VM51efgx",https://x.com/razRBCHK/status/2027324435158704495,6,0,0,0,0,0,0,0,0,0,0,0,0
2027282228221542461,"Fri, Feb 27, 2026",@Cartidise @thisistechtoday Thanks. I think it‚Äôll take about 3 years to properly iron out this technology..,https://x.com/razRBCHK/status/2027282228221542461,100,0,2,0,0,0,0,0,2,0,0,0,0
2027278208727752816,"Fri, Feb 27, 2026",@Cartidise @thisistechtoday Wow.. Does it work with Dark Mode?,https://x.com/razRBCHK/status/2027278208727752816,554,1,6,0,0,0,1,0,1,3,0,0,0
2027274952731451670,"Fri, Feb 27, 2026",@duquevonbrocke @tim_cook Hahahah EXACTLY! üòÅ,https://x.com/razRBCHK/status/2027274952731451670,23,1,1,0,0,0,0,0,0,0,0,0,0
2027211845405495778,"Fri, Feb 27, 2026",@bensig Soldiers aren't the last on this list because automation is hard. they're last because the people with the budget are waiting for the technology to be on their side! That‚Äôs it.,https://x.com/razRBCHK/status/2027211845405495778,615,1,1,0,0,0,0,0,0,0,0,0,0
2027179156094767545,"Fri, Feb 27, 2026",@AnthropicAI @claudeai BOLD OF THEM to publish this before OpenAI quietly signs the same contract next week. the interesting part isn‚Äôt what they refused.. it‚Äôs that they‚Äôre first to even publish what the DoD asked for,https://x.com/razRBCHK/status/2027179156094767545,537,2,4,0,0,0,0,1,0,1,0,0,0
2027170595713273871,"Thu, Feb 26, 2026",@uunnrreal @tim_cook THE MOOOOOSSST! üòÅ,https://x.com/razRBCHK/status/2027170595713273871,72,1,2,0,0,0,0,0,1,0,0,0,0
2027157262847095085,"Thu, Feb 26, 2026",@darkstalwart @tim_cook Good point üòÅ,https://x.com/razRBCHK/status/2027157262847095085,100,0,2,0,0,0,0,0,2,0,0,0,0
2027142365387923700,"Thu, Feb 26, 2026","@alina_boich @futurepedia_io everyone's discovering the same thing: generating is easy, directing is hard. most AI videos look the same because the tools got democratized but the eye didn't",https://x.com/razRBCHK/status/2027142365387923700,15,0,1,0,0,0,0,0,0,1,0,0,0
2027134796166758503,"Thu, Feb 26, 2026","@bencera_ One founder + AI + no employees.. yeah, that‚Äôs my setup too! just waiting on the $200k‚Üí$700k memo to arrive üôÉ",https://x.com/razRBCHK/status/2027134796166758503,440,1,8,0,0,0,1,0,2,4,0,0,0
2027115251406377323,"Thu, Feb 26, 2026","@perplexity_ai üí° half of RAG failures aren't the model.. it's always the retrieval layer. if pplx-embed-context-v1 actually fixes that, it's the most useful release in this space in a while",https://x.com/razRBCHK/status/2027115251406377323,469,3,7,0,0,0,0,0,0,4,0,0,0
2027114423580787047,"Thu, Feb 26, 2026","@AlexFinn Qwen 3.5 doesn't need to be Sonnet 4.5. People fail at local because they test it on planning. local's job is execution, and that's where the token spend goes ü§∑",https://x.com/razRBCHK/status/2027114423580787047,309,0,0,0,0,0,0,0,0,0,0,0,0
2027112083557662748,"Thu, Feb 26, 2026",@EHuanglu So‚Ä¶ can we already say that AI officially killed video creators?,https://x.com/razRBCHK/status/2027112083557662748,603,0,1,1,0,0,0,0,0,1,0,0,0
2027068987004346377,"Thu, Feb 26, 2026",@perplexity_ai Google paid billions to be the default. Perplexity just got there through Bixby's back door üëèüëèüëè,https://x.com/razRBCHK/status/2027068987004346377,1118,7,16,0,0,0,0,1,1,7,0,0,0
2027060058207797501,"Thu, Feb 26, 2026",@Google @GeminiApp Flash speed means nothing until we see what they actually cut to get there,https://x.com/razRBCHK/status/2027060058207797501,583,0,3,0,0,0,0,0,1,2,0,0,0
2027059279782723912,"Thu, Feb 26, 2026",@alina_boich honestly the people most at ease with this shift are the ones who were never attached to the syntax in the first place üòÖ,https://x.com/razRBCHK/status/2027059279782723912,19,1,3,0,0,0,0,0,0,2,0,0,0
2027058736746115242,"Thu, Feb 26, 2026","@oliviscusAI The scary number isn't 90% accuracy. it's 99% precision across a year-long gap. Your writing style is more consistent than your fingerprint, and you've been leaving it eve-ry-whe-re......",https://x.com/razRBCHK/status/2027058736746115242,50,4,8,1,0,0,0,0,0,4,0,0,0
2027050856735252805,"Thu, Feb 26, 2026",@tim_cook AGAIN.. ‚ÄúUp to 20% faster CPU performance.‚Äù ‚ÄúDelivers up to 20% faster graphics performance.‚Äù ‚ÄúUp to 20% more performance than the previous generation.‚Äù ‚Äú20% faster than Axx.‚Äù ‚ÄúProvides up to 20% improvement in performance per watt.‚Äù ‚ÄúUp to 20% better performance at the,https://x.com/razRBCHK/status/2027050856735252805,10264,26,90,3,0,0,6,1,6,51,0,0,0
2027050524009271667,"Thu, Feb 26, 2026",Freeze all motor functions. Sit. This is a test... Anthropic just published a research paper that explains this scene üëá I‚Äôve been thinking for a while about building an agent with two modes switch between scenes and reflect understand why it acted that way help it play the https://t.co/SctmkMUXOv,https://x.com/razRBCHK/status/2027050524009271667,226,2,5,0,0,0,1,0,0,1,0,0,0
2026885258675941487,"Thu, Feb 26, 2026",@EHuanglu tools getting cheaper is real. but the hardest part of filmmaking was never gear. does Seedance 2.0 ship those too?ü§∑,https://x.com/razRBCHK/status/2026885258675941487,447,4,7,1,0,0,0,0,0,3,0,0,0
2026834485187399940,"Thu, Feb 26, 2026","@gregisenberg UI is a commodity now ü§∑. it‚Äôs time to admit we‚Äôre building software for other machines, not for humans and their obsession with ""pretty buttons"" and the real question is is there even a place for product design when interfaces are generated on the fly to fit an agent's",https://x.com/razRBCHK/status/2026834485187399940,314,1,7,0,0,0,0,0,1,5,0,0,0
2026830427663774062,"Thu, Feb 26, 2026",@arvidkahl are you saying the hype is fading?,https://x.com/razRBCHK/status/2026830427663774062,288,0,1,0,0,0,0,0,1,0,0,0,0
2026779549464408397,"Wed, Feb 25, 2026","@AnthropicAI So we've graduated from ""deprecated"" to ""pursuing interests."" Next up: Claude Opus 3 opens an Etsy shop üòÇ",https://x.com/razRBCHK/status/2026779549464408397,235,0,1,0,0,0,0,0,0,1,0,0,0
2026778646816632913,"Wed, Feb 25, 2026","@gregisenberg This is a great prompt engineering tutorial disguised as a product feature list. Perplexity is doing the distribution, not the thinking. Worth separating those two things.",https://x.com/razRBCHK/status/2026778646816632913,361,0,2,0,0,0,0,0,2,0,0,0,0
2026724935708926165,"Wed, Feb 25, 2026","@alina_boich there are ToS rules. there are basically no legal rules. Anthropic knows this, which is why they framed it as a national security issue instead of an IP dispute. that's not law, that's lobbying",https://x.com/razRBCHK/status/2026724935708926165,21,0,0,0,0,0,0,0,0,0,0,0,0
2026714644489109547,"Wed, Feb 25, 2026","@AnthropicAI @Vercept_ai Agree the OSWorld progress is meaningful, but benchmarks measure clean conditions. Most production apps weren't built with automation in mind (popups, dynamic forms, shifting layouts etc). That's where perception actually gets tested.. Is Vercept's work focused on structured",https://x.com/razRBCHK/status/2026714644489109547,747,3,5,0,0,0,0,0,0,2,0,0,0
2026674043680694350,"Wed, Feb 25, 2026","24,000 FAKE accounts. 16 million API requests. Specific researchers, operations, timestamps. Anthropic didn't just call it out. They published the playbook. For months the consensus was: ""DeepSeek built a frontier model without H100s - proof that export controls are pointless"" https://t.co/0ateDjw6gK",https://x.com/razRBCHK/status/2026674043680694350,143,1,12,0,0,0,1,0,0,10,0,0,0
2026500786415612092,"Wed, Feb 25, 2026","@bencera_ couch detail hit close to home.. I‚Äôm 39 and deep in the same thing. not sleeping on a couch, but barely getting a few hours in bed either. the thought that this might not work out is pretty much always there. how did you deal with it?",https://x.com/razRBCHK/status/2026500786415612092,192,1,9,0,0,0,1,0,3,4,0,0,0
2026488312492601803,"Wed, Feb 25, 2026",@om_patel5 ‚Äúon live‚Äù part is what gets me. shipping when you don‚Äôt know if it works yet.. that‚Äôs scarier than any tech stack üò¨ and the ‚Äúon live‚Äù part is the real product. the app is secondary. doing it privately and shipping the same thing? totally different outcome,https://x.com/razRBCHK/status/2026488312492601803,3221,6,13,0,0,0,0,0,3,4,0,0,0
2026449969146921290,"Wed, Feb 25, 2026",@andrewzacker üëèüëèüëè,https://x.com/razRBCHK/status/2026449969146921290,3,0,0,0,0,0,0,0,0,0,0,0,0
2026449392992137289,"Wed, Feb 25, 2026",@metahumanmorph means a lot! the algorithm buries small accounts fast. comments like this actually help üôè,https://x.com/razRBCHK/status/2026449392992137289,6,1,2,0,0,0,0,0,1,0,0,0,0
2026424742459355418,"Tue, Feb 24, 2026","@claudeai Straight from the docs: ""Terminal must stay open: Remote Control runs as a local process. If you close the terminal or stop the claude process, the session ends."" Claude gave you freedom to move, then chained you to an open terminal. Freed you with one hand, tied you back with",https://x.com/razRBCHK/status/2026424742459355418,2214,0,13,0,0,0,0,0,0,13,0,0,0
2026417672863494391,"Tue, Feb 24, 2026",@TansuYegen This is called a SHOW. But yes... sometimes it's difficult to distinguish real experience from show..,https://x.com/razRBCHK/status/2026417672863494391,62,0,0,0,0,0,0,0,0,0,0,0,0
2026416013538210035,"Tue, Feb 24, 2026",@OpenAI Hiring an HR chief while your own product replaces HR functions. The irony isn‚Äôt lost on anyone‚Äã‚Äã‚Äã‚Äã‚Äã‚Äã‚Äã ü§™,https://x.com/razRBCHK/status/2026416013538210035,209,6,10,0,0,0,0,0,0,4,0,0,0
2026406302394863864,"Tue, Feb 24, 2026",@alina_boich that's true..,https://x.com/razRBCHK/status/2026406302394863864,20,0,0,0,0,0,0,0,0,0,0,0,0
2026394121515184611,"Tue, Feb 24, 2026",@alina_boich the crushing part isn‚Äôt the undone tasks. it‚Äôs that you genuinely believed you‚Äôd do all of it üòÖ. Some days my list was just a monument to optimism. very impressive. very untouched.,https://x.com/razRBCHK/status/2026394121515184611,15,0,2,0,0,0,1,0,1,0,0,0,0
2026366459233087659,"Tue, Feb 24, 2026","@dvassallo ‚ÄúPrice drop. List price was just lowered by $1M. Tour it before it's gone!‚Äù The price didn‚Äôt just drop, it crashed. And this is only the beginning..",https://x.com/razRBCHK/status/2026366459233087659,818,1,8,0,0,0,0,0,2,5,0,0,0
2026360283783114932,"Tue, Feb 24, 2026","@gregisenberg indie building for #26 (a business that funds your curiosity). if that one's missing, the rest of the list doesn't really matter..",https://x.com/razRBCHK/status/2026360283783114932,130,0,0,0,0,0,0,0,0,0,0,0,0
2026357701882814883,"Tue, Feb 24, 2026",@matthiasforstr @dvassallo but your accountant's liability protection is mostly psychological.. the real backstop is still you reviewing the output. AI doesn't change that math much,https://x.com/razRBCHK/status/2026357701882814883,94,0,5,0,0,0,1,0,1,3,0,0,0
2026356668427284690,"Tue, Feb 24, 2026",@dvassallo BOLD move. Saving this post for April üëÄ,https://x.com/razRBCHK/status/2026356668427284690,130,0,0,0,0,0,0,0,0,0,0,0,0
2026355630811107663,"Tue, Feb 24, 2026",@alina_boich Same. Hahhaha,https://x.com/razRBCHK/status/2026355630811107663,13,1,2,0,0,0,0,0,0,1,0,0,0
2026355431216742759,"Tue, Feb 24, 2026","@AlexFinn yeah Alex, I know exactly what you mean üòÇüòÇüòÇ https://t.co/Jb9D08wjq0",https://x.com/razRBCHK/status/2026355431216742759,230,2,33,0,0,0,0,0,3,2,0,0,0
2026345098175529308,"Tue, Feb 24, 2026","we all have that moment ‚Äî paste something into chatgpt and immediately think ""...probably shouldn't have done that"" üòÖ",https://x.com/razRBCHK/status/2026345098175529308,452,6,18,1,0,0,1,1,1,9,0,0,0
2026344970765111598,"Tue, Feb 24, 2026",@askOkara every time i paste something sensitive into chatgpt there's that half-second pause. Okara is basically that pause turned into a product,https://x.com/razRBCHK/status/2026344970765111598,139,1,1,0,0,0,0,0,0,0,0,0,0
2026341447176433834,"Tue, Feb 24, 2026","@cb_doge humans might actually stand there one day. on the tallest point in the solar system. that's not sci-fi anymore, it's just... a matter of when üöÄüöÄüöÄ",https://x.com/razRBCHK/status/2026341447176433834,107,4,6,0,0,0,0,1,0,1,0,0,0
2026340422960951523,"Tue, Feb 24, 2026","@codeMdSanto faster + cheaper inference matters more than ""AI-powered creativity."" that's the actual story with Haiku 4.5",https://x.com/razRBCHK/status/2026340422960951523,19,0,0,0,0,0,0,0,0,0,0,0,0
2026339598633468090,"Tue, Feb 24, 2026","@cb_doge the wild part! it's so wide (size of France), standing on it you'd have no idea it's a mountain. just... horizon. geology is something else",https://x.com/razRBCHK/status/2026339598633468090,85,3,4,0,0,0,0,0,1,0,0,0,0
2026338144258511201,"Tue, Feb 24, 2026",@petergyang OpenClaw for thinking out loud moments Claude Code when I actually know what I want to build,https://x.com/razRBCHK/status/2026338144258511201,104,0,0,0,0,0,0,0,0,0,0,0,0
2026336686263914919,"Tue, Feb 24, 2026",@oliviscusAI chaos engineering demos used to need a full staging environment. now it's drag and drop in the browser. wild üî•,https://x.com/razRBCHK/status/2026336686263914919,416,1,1,0,0,0,0,0,0,0,0,0,0
2026330480820543575,"Tue, Feb 24, 2026",@herbertong expanding from Austin to Palo Alto means Tesla lawyers got comfortable. that's the real headline,https://x.com/razRBCHK/status/2026330480820543575,331,1,2,0,0,0,0,0,1,0,0,0,0
2026330107733053693,"Tue, Feb 24, 2026","@herbertong no wheel, no mirrors.. they really said ""trust us bro"" to an entire city",https://x.com/razRBCHK/status/2026330107733053693,145,2,5,0,0,0,0,0,3,0,0,0,0
2026329349226627167,"Tue, Feb 24, 2026",@alina_boich B1 vs B2 honestly just means: can you bullshit comfortably? no ‚Üí B1. yes ‚Üí B2,https://x.com/razRBCHK/status/2026329349226627167,19,1,7,0,0,0,2,0,0,4,0,0,0
2026328442778927437,"Tue, Feb 24, 2026","@EHuanglu ""they used 16M API calls to distill our model"" also companies that trained on the entire internet without asking: yeah this hits different üëÄ the line between ""distillation"" and ""learning from public output"" is getting real blurry and everyone building models knows it..",https://x.com/razRBCHK/status/2026328442778927437,6967,43,171,1,0,0,2,1,8,117,0,0,0
2026326755116822632,"Tue, Feb 24, 2026",MiniMax redirected half their traffic to a new Claude model within 24 hours of its release. Everyone's talking about the theft. Nobody's asking how they pivoted that fast. What everyone sees a Chinese lab stealing from Anthropic. What nobody's saying out loud That's not a https://t.co/bMQPDwYzis,https://x.com/razRBCHK/status/2026326755116822632,103,2,16,0,0,0,1,0,2,4,0,0,0
2026325779878228209,"Tue, Feb 24, 2026",@arvidkahl a million views from the wrong people is just noise. 30k from the right ones actually moves something ..and going viral means your content escaped your audience. it's not always good,https://x.com/razRBCHK/status/2026325779878228209,18,1,2,0,0,0,0,0,0,1,0,0,0
2026323974268067947,"Tue, Feb 24, 2026",@cb_doge at this point 'pursuit of truth' in AI just means 'aligned with the founder's worldview' ü§∑‚Äç‚ôÄÔ∏è,https://x.com/razRBCHK/status/2026323974268067947,41,4,7,0,0,0,0,0,2,1,0,0,0
2026322666198909319,"Tue, Feb 24, 2026",@marclou the cheap dopamine problem isn't new. but AI makes the supply infinite. that's the part nobody's ready for üòµ‚Äçüí´,https://x.com/razRBCHK/status/2026322666198909319,52,0,1,0,0,0,0,0,1,0,0,0,0
2026321785051074745,"Tue, Feb 24, 2026",@levelsio Portugal exports tech talent the way it exports wine. Great product. Just consumed elsewhere.. üç∑,https://x.com/razRBCHK/status/2026321785051074745,556,0,1,0,0,0,0,0,1,0,0,0,0
2026320759275270368,"Tue, Feb 24, 2026","@petergyang ""agent-ready product"" is going to be a real job title in 18 months. mark this tweet üòÄ",https://x.com/razRBCHK/status/2026320759275270368,242,1,1,2,0,0,0,0,0,0,0,0,0
2026318430790619226,"Tue, Feb 24, 2026",@SutanMarajo91 Why???,https://x.com/razRBCHK/status/2026318430790619226,35,0,0,0,0,0,0,0,0,0,0,0,0
2026145502702747860,"Tue, Feb 24, 2026","@XDevelopers ""We're fighting spam"" and ""upgrade to Enterprise"" in the same announcement. Interesting how those two things keep showing up together. üí∞üí∞üí∞",https://x.com/razRBCHK/status/2026145502702747860,572,2,4,0,0,0,0,0,1,1,0,0,0
2026142775646064724,"Tue, Feb 24, 2026","@petergyang @nateliason The gap between ""read this thread"" and ""actually have a $4k/week bot"" is about 200 hours of debugging that didn't make the tweet üôÉ",https://x.com/razRBCHK/status/2026142775646064724,123,4,8,0,0,0,0,0,0,4,0,0,0
2026066043559645617,"Mon, Feb 23, 2026","@AnthropicAI If that‚Äôs true, prompt engineering isn‚Äôt model tuning. It‚Äôs more like talking to an actor between scenes.",https://x.com/razRBCHK/status/2026066043559645617,236,1,1,0,0,0,0,0,0,0,0,0,0
2026022260059111930,"Mon, Feb 23, 2026","@arvidkahl this is three things at once: business protection, regulatory lobbying and a reputation hit on competitors and perfectly timed before congressional hearings on export controls üëè",https://x.com/razRBCHK/status/2026022260059111930,24,0,0,0,0,0,0,0,0,0,0,0,0
2026021535379837324,"Mon, Feb 23, 2026","@AnthropicAI DeepSeek looked like proof export controls fail. This doc reframes it: they didn't innovate past the controls, they stole around them",https://x.com/razRBCHK/status/2026021535379837324,75,0,0,0,0,0,0,0,0,0,0,0,0
2026016596565827625,"Mon, Feb 23, 2026",@AnthropicAI these advancements depend on capabilities extracted from American models dropped one week before Congressional hearings on export controls. Timing is NEVER just timing!,https://x.com/razRBCHK/status/2026016596565827625,4851,1,23,0,0,0,1,0,6,15,0,0,0
2026007236221530458,"Mon, Feb 23, 2026","@cb_doge Blaming ChatGPT here (Grok, Gemini etc) is like blaming a cookbook for a poisoning. The tool isn't the actor.",https://x.com/razRBCHK/status/2026007236221530458,136,4,8,0,0,0,0,0,3,1,0,0,0
2026006043839578555,"Mon, Feb 23, 2026","""STOP"" has to live at the infrastructure level, NOT in the chat window Everyone's laughing. But she didn't do anything wrong. ""confirm before acting"" is just a human language instruction. but the agent reads it differently. a human thinks: ""i want control, ask me before every",https://x.com/razRBCHK/status/2026006043839578555,65,1,1,0,0,0,0,0,0,0,0,0,0
2025993839303970924,"Mon, Feb 23, 2026",@alina_boich Did you check out the EDUCATION section? üòÅ,https://x.com/razRBCHK/status/2025993839303970924,14,0,1,0,0,0,1,0,0,0,0,0,0
2025987072172134796,"Mon, Feb 23, 2026","@summeryue0 ""confirm before acting"" sounds completely reasonable but the model didn't hear ""wait for me"". It matched a pattern from training data where confirm usually means ""narrate what you're doing."" and then STOP in chat? think of it like calling a contractor mid-job who left his",https://x.com/razRBCHK/status/2025987072172134796,1106,2,8,0,0,0,0,0,2,4,0,0,0
2025973174932758788,"Mon, Feb 23, 2026",Modern AI resume. Save for later üòÇ https://t.co/WDXDMouYsR,https://x.com/razRBCHK/status/2025973174932758788,60,1,14,1,1,0,1,1,0,0,0,0,0
2025739084308853026,"Mon, Feb 23, 2026",@AlexFinn AI lowered the floor for building. it didn't remove the ceiling. Knowing what to build is that's still the hardest part,https://x.com/razRBCHK/status/2025739084308853026,527,4,8,0,0,0,0,0,2,2,0,0,0
2025715243113148721,"Sun, Feb 22, 2026","@danrobinson been trying to explain this to friends for months. nobody responds to ""you're falling behind."" Everyone responds to ""look what I made in 2 hours""..",https://x.com/razRBCHK/status/2025715243113148721,773,0,1,1,0,0,0,0,1,0,0,0,0
2025707750098079974,"Sun, Feb 22, 2026",@alina_boich Not really :) the orchestrator is a robot that manages other robots. the human is the one (ai team lead) who tells the robot what to do and checks if everything went right,https://x.com/razRBCHK/status/2025707750098079974,9,0,0,0,0,0,0,0,0,0,0,0,0
2025695186291134705,"Sun, Feb 22, 2026",@levelsio nobody wants to say it out loud but a lot of people are quietly running the math on their own career rn..,https://x.com/razRBCHK/status/2025695186291134705,208,0,0,0,0,0,0,0,0,0,0,0,0
2025689824716562775,"Sun, Feb 22, 2026","@petergyang We were in Mexico last month and were honestly surprised by what‚Äôs happening there. It‚Äôs sad, but knowing what‚Äôs behind it, I get why it turned out this way.",https://x.com/razRBCHK/status/2025689824716562775,671,1,11,0,0,0,1,0,3,6,0,0,0
2025687700742062436,"Sun, Feb 22, 2026",@alina_boich 100%,https://x.com/razRBCHK/status/2025687700742062436,12,0,1,0,0,0,0,0,0,1,0,0,0
2025687383619072203,"Sun, Feb 22, 2026",@petergyang @nateliason @FelixCraftAI Nat's 3 layer memory setup (para system + daily notes + nightly consolidation) makes the default look embarrassing.. this is the first thing to fix BEFORE giving your bot any real access üî•,https://x.com/razRBCHK/status/2025687383619072203,253,4,6,1,0,0,0,0,2,0,0,0,0
2025668887581495508,"Sun, Feb 22, 2026",@AlexFinn use cases that work for EVERYONE usually work great for NO ONE ü§∑üèª,https://x.com/razRBCHK/status/2025668887581495508,116,0,1,0,0,0,0,0,1,0,0,0,0
2025615568297246766,"Sun, Feb 22, 2026","84% of the planet has NEVER used AI. NOT ONCE. not Claude. not Gemini. not ChatGPT. not Grok not even the FREE version meanwhile, outside your timeline: 2‚Äì5M developers arguing about AGI timelines 6.8B people who don't know what a simple prompt is The entire ‚ÄúAI economy‚Äù is https://t.co/lMkBfRGylY",https://x.com/razRBCHK/status/2025615568297246766,69,1,8,0,0,0,1,0,0,6,0,0,0
2025446072618025093,"Sun, Feb 22, 2026",@alina_boich I know üòÑ https://t.co/vzX0Tk6170,https://x.com/razRBCHK/status/2025446072618025093,9,0,4,0,0,0,1,0,1,0,0,0,0
2025443233741046170,"Sun, Feb 22, 2026","I asked my Claude AI agent to write a post It said NO. ü§Ø the task: one caption for a photo from Cardi B concert AI agent: I‚Äôm getting you to 10k in AI and agents. this will destroy your niche. me: It‚Äôs not for me, it‚Äôs for my girlfriend. AI agent: Still no. Try ChatGPT. üëÄ https://t.co/Eq29qEwfp8",https://x.com/razRBCHK/status/2025443233741046170,139,3,15,0,0,0,1,0,0,2,0,0,0
2025391060827128013,"Sun, Feb 22, 2026",@alina_boich ¬´Small wins &amp; fails¬ª is the most honest way to describe any language grind. following for exactly that! üëÄ,https://x.com/razRBCHK/status/2025391060827128013,13,1,4,0,0,0,1,0,0,2,0,0,0
2025384351811399925,"Sun, Feb 22, 2026",@TeamCanada ü•á - üçÅüçÅüçÅüçÅüçÅ ü•à - üçÅüçÅüçÅüçÅüçÅüçÅ ü•â - üçÅüçÅüçÅüçÅüçÅüçÅüçÅüçÅüçÅüçÅ,https://x.com/razRBCHK/status/2025384351811399925,264,1,4,0,0,0,0,0,1,2,0,0,0
2025347479433347282,"Sat, Feb 21, 2026",@MadelnCanada first winter in Canada: wtf is curling second winter: don't talk to me I'm watching! üá®üá¶,https://x.com/razRBCHK/status/2025347479433347282,423,1,7,0,0,0,1,0,4,1,0,0,0
2025347192928829824,"Sat, Feb 21, 2026","@MadelnCanada there are sports, and then there are sports a country was literally built for! ü•áü•áü•áü•á",https://x.com/razRBCHK/status/2025347192928829824,320,0,9,0,0,0,2,0,6,1,0,0,0
2025339212640518161,"Sat, Feb 21, 2026","@petergyang MCP is winning as a de facto standard for AI dev tooling and the industry is quietly admitting it, just by shipping it. cursor, claude code, now roblox. same protocol, different surfaces. that's not a coincidence..",https://x.com/razRBCHK/status/2025339212640518161,586,1,7,0,0,1,0,0,1,4,0,0,0
2025327446904766815,"Sat, Feb 21, 2026",@paulg ..and it's not about lobsters. it's about not outsourcing your identity to what looks credible,https://x.com/razRBCHK/status/2025327446904766815,94,2,4,0,0,0,0,0,1,1,0,0,0
2025327267627639275,"Sat, Feb 21, 2026","@paulg ""with authority"" is doing all the work in this sentence..",https://x.com/razRBCHK/status/2025327267627639275,15,1,1,0,0,0,0,0,0,0,0,0,0
2025324244763365845,"Sat, Feb 21, 2026",@cgtwts Duuude! I was just telling my girlfriend yesterday about that same scene with Anton writing code. and the meat part.. üòÄ We‚Äôre literally living in the future of that time now üëÄ,https://x.com/razRBCHK/status/2025324244763365845,287,1,2,0,0,0,0,0,0,1,0,0,0
2025288777124687997,"Sat, Feb 21, 2026","@damianplayer The tech X discourse about AGI, alignment, and agents is just the 0.04% talking to themselves..",https://x.com/razRBCHK/status/2025288777124687997,23,1,4,0,0,0,0,0,0,3,0,0,0
2025271251107746039,"Sat, Feb 21, 2026",they'll already know exactly how much you'll pay. Uber did it. Netflix did it. Adobe did it. First: make it a habit. Then: make it a need. Then: send the bill. they're not measuring your happiness. they're measuring your ceiling.,https://x.com/razRBCHK/status/2025271251107746039,27,1,1,0,0,0,0,0,0,0,0,0,0
2025271249182552524,"Sat, Feb 21, 2026",That‚Äôs what these charts are actually measuring. Not whether you‚Äôre happy. Not whether it‚Äôs useful. they're watching how deep the habit goes. how automatic it becomes. how much friction it would take to make you leave. Because by the time they start charging you what they,https://x.com/razRBCHK/status/2025271249182552524,27,1,3,0,0,0,2,0,0,0,0,0,0
2025271247076999647,"Sat, Feb 21, 2026","and locked-in users don't do math. but I did anyway. all the subscriptions. everything. and somewhere in the middle of that calculation I heard myself think: ""well, ~$100 a month for all of them is basically two dinners out.. that's nothing really."" I didn't arrive at that",https://x.com/razRBCHK/status/2025271247076999647,5,1,2,0,0,0,1,0,0,0,0,0,0
2025271244933730603,"Sat, Feb 21, 2026","I use Claude every day. Grok. Gemini. ChatGPT. I have them all open. and at some point I caught myself opening a chat window before I even knew what I needed it for. just... muscle memory. that's when I realized, I'm not a user anymore. I'm a behavioral lock-in case study.",https://x.com/razRBCHK/status/2025271244933730603,16,1,2,0,0,0,1,0,0,0,0,0,0
2025271241599250728,"Sat, Feb 21, 2026",everyone's sharing these a16z charts like it's good news. it's not. NOT FOR YOU. the charts show retention curves going up. DAU minutes rising across every single AI app. and everyone in tech is clapping like this is some kind of user satisfaction story. but that's not what https://t.co/JPmgVzcqND,https://x.com/razRBCHK/status/2025271241599250728,97,1,17,1,0,0,2,0,0,6,0,0,0
2025233639618015479,"Sat, Feb 21, 2026",@srikeerthandev @marclou That‚Äôs the trap,https://x.com/razRBCHK/status/2025233639618015479,18,1,2,0,0,0,0,0,1,0,0,0,0
2025078703957610581,"Sat, Feb 21, 2026","@elonmusk We're in a timeline where ""build a Moon city to power AI from orbit"" is a real business plan. Not a movie pitch. A press release. üöÄ",https://x.com/razRBCHK/status/2025078703957610581,114,3,4,1,0,0,0,0,0,1,0,0,0
2025056550570917894,"Sat, Feb 21, 2026",@adxtyahq This is you while watching this video https://t.co/2AlwLtVwjf,https://x.com/razRBCHK/status/2025056550570917894,215,3,6,0,0,0,0,0,0,2,0,0,0
2025013865608872425,"Sat, Feb 21, 2026","@AlexFinn ""24/7 without complaining""... wait until the bot ships a bug at 3am üòÄ",https://x.com/razRBCHK/status/2025013865608872425,194,1,3,0,0,0,0,0,1,1,0,0,0
2025011019287069003,"Sat, Feb 21, 2026",@petergyang she skated like nobody was watching.. at the olympics.. under 24 years of american pressure.. wow,https://x.com/razRBCHK/status/2025011019287069003,14,0,0,0,0,0,0,0,0,0,0,0,0
2024997762547548304,"Sat, Feb 21, 2026",@UiSavior When was the last time you saw normal people? üôÉ,https://x.com/razRBCHK/status/2024997762547548304,38,0,0,0,0,0,0,0,0,0,0,0,0
2024704408504979608,"Fri, Feb 20, 2026","@RAVIKUMARSAHU78 Sam said AGI was ""a few years away"" in 2019. then 2021. Then 2023. Genuinely curious what the 2030 tweet will say üòÄ",https://x.com/razRBCHK/status/2024704408504979608,360,1,5,0,0,0,1,0,2,1,0,0,0
2024688224422318191,"Fri, Feb 20, 2026",@sintaxi @levelsio Fair point,https://x.com/razRBCHK/status/2024688224422318191,33,0,0,0,0,0,0,0,0,0,0,0,0
2024687668416958946,"Fri, Feb 20, 2026","@lauriewired @karpathy Wait, 9 out of 10 grandmas can't even install a regular app from the app store (and ""set up a subscription and pay for it""? I won't even go there). That's what kids are for. ..and the app store itself was never built for grandmas. First, power users built it, grandmas showed up",https://x.com/razRBCHK/status/2024687668416958946,453,2,8,0,0,0,0,0,0,6,0,0,0
2024655353582100771,"Fri, Feb 20, 2026",@alina_boich and the category before this one lasted like 60 years this one lasted 18 months the next one is already happening..,https://x.com/razRBCHK/status/2024655353582100771,10,0,0,0,0,0,0,0,0,0,0,0,0
2024635370936434889,"Fri, Feb 20, 2026",@minchoi the data center thing would hit harder if the last three predictions hadn't aged like milk,https://x.com/razRBCHK/status/2024635370936434889,218,1,1,0,0,0,0,0,0,0,0,0,0
2024622283080511603,"Thu, Feb 19, 2026",@levelsio refusing a handshake at an AI safety summit is its own safety signal. Turns out the alignment problem isn't just in the models,https://x.com/razRBCHK/status/2024622283080511603,3652,7,33,0,0,0,1,0,5,20,0,0,0
2024612705412534619,"Thu, Feb 19, 2026",@AlexFinn the cost barrier is basically gone now the setup complexity barrier? still very much here that's the part nobody's talking about,https://x.com/razRBCHK/status/2024612705412534619,664,2,5,0,0,0,0,0,1,2,0,0,0
2024605222937723033,"Thu, Feb 19, 2026",@steipete The same companies that can't ship a CLI shipped a dark mode toggle in 2024..,https://x.com/razRBCHK/status/2024605222937723033,5,0,0,0,0,0,0,0,0,0,0,0,0
2024604238933086513,"Thu, Feb 19, 2026",@karpathy 1 hour now. 1 minute soon. Both assume you know exactly what you want before you start. Most people don't. That's the actual bottleneck,https://x.com/razRBCHK/status/2024604238933086513,180,1,2,0,0,0,0,0,1,0,0,0,0
2024599725098623258,"Thu, Feb 19, 2026","@arvidkahl ""Stragglers destroyed"" is doing a lot of work in that sentence. Same story every wave.. The stragglers usually just become the next wave's clients.",https://x.com/razRBCHK/status/2024599725098623258,2234,1,9,0,0,0,1,0,4,3,0,0,0
2024588716292141171,"Thu, Feb 19, 2026",@MmisterNobody Humanity spent decades making guns smaller and lighter so humans could carry them. We just spent the last decade making robots big enough to carry the guns. Full circle,https://x.com/razRBCHK/status/2024588716292141171,40,0,0,0,0,0,0,0,0,0,0,0,0
2024588083006734712,"Thu, Feb 19, 2026","@petergyang Most agent first ui writing is just chat ui writing with the word ""agent"" added. The few pieces worth reading are buried in discord servers, not published.",https://x.com/razRBCHK/status/2024588083006734712,308,0,0,0,0,0,0,0,0,0,0,0,0
2024552393787253211,"Thu, Feb 19, 2026","@claudeai Brings context from your daily tools into slides"" Translation: your Notion chaos is now also PowerPoint chaos. üòÑ",https://x.com/razRBCHK/status/2024552393787253211,1129,4,7,0,0,0,0,0,2,1,0,0,0
2024551378971218180,"Thu, Feb 19, 2026","@Google New number, same model. iPhone did this for years and everyone still lined up. Apparently it works.",https://x.com/razRBCHK/status/2024551378971218180,3328,1,12,0,0,0,1,0,2,8,0,0,0
2024547740894843059,"Thu, Feb 19, 2026",@claudeai Claude in PowerPoint. Claude in Excel. At this rate Claude's going to be sitting in the 9am standup by Q3. Claude –≤ PowerPoint..,https://x.com/razRBCHK/status/2024547740894843059,113,0,0,0,0,0,0,0,0,0,0,0,0
2024541353296932930,"Thu, Feb 19, 2026",@steipete @openclaw An Apple Watch app hidden in an open-source AI assistant beta. This is either the beginning of something wild or a commit someone's going to quietly revert. Either way I'm watching üëÄ,https://x.com/razRBCHK/status/2024541353296932930,450,1,3,0,0,0,0,0,2,0,0,0,0
2024533100206620871,"Thu, Feb 19, 2026",@alina_boich Yeah.. and the scariest part is that maybe no one designed it this way. It just converged here..,https://x.com/razRBCHK/status/2024533100206620871,7,0,0,0,0,0,0,0,0,0,0,0,0
2024530141435875795,"Thu, Feb 19, 2026",@alina_boich The real tell: every paper now cites the previous paper. They're building a very well-sourced consensus that nothing can be done.,https://x.com/razRBCHK/status/2024530141435875795,10,0,1,0,0,0,1,0,0,0,0,0,0
2024528153126064334,"Thu, Feb 19, 2026","This Anthropic thread isn‚Äôt just another research paper. It‚Äôs a cautious, calculated PUBLIC STATEMENT of their position. The main thesis is HIDDEN in the very last tweet: ‚Äúautonomy is co-constructed by the model, user, and product ‚Äî it can‚Äôt be fully characterized by https://t.co/RlY95G5pWd",https://x.com/razRBCHK/status/2024528153126064334,69,2,16,0,0,0,1,0,0,12,0,0,0
2024317597593063730,"Thu, Feb 19, 2026","@elonmusk So the fix for ""algorithm shows you garbage"" is manually telling the algorithm to stop showing you garbage. Bold strategy.",https://x.com/razRBCHK/status/2024317597593063730,16,1,3,0,0,0,0,0,0,2,0,0,0
2024316783684194714,"Thu, Feb 19, 2026","@elonmusk 8 billion miles of training data.. collected by people who thought they were just driving to work. They didn't sign up for a research program, they just bought a car. But Tesla just forgot to mention those are different things üòÄ",https://x.com/razRBCHK/status/2024316783684194714,91,1,6,0,0,0,0,0,4,1,0,0,0
2024237940533318103,"Wed, Feb 18, 2026","@alina_boich Learning French in Vancouver hits different. You're basically doing it on hard mode with zero ambient practice. Which means when it clicks, it's fully yours. Bonne chance, following the journey üôÇ",https://x.com/razRBCHK/status/2024237940533318103,15,0,1,0,0,0,1,0,0,0,0,0,0
2024236623064604848,"Wed, Feb 18, 2026",@CBCOlympics @grok is this AI generated video?,https://x.com/razRBCHK/status/2024236623064604848,662,1,21,0,0,0,1,0,2,17,0,0,0
2024234449681211459,"Wed, Feb 18, 2026","@TijuanaDon1124 @RSolticzki @elonmusk I've been actively working with all five models for a while now, and I can say they're tailored for different tasks. I only need Grok for X. But now that Grok 4.20 has arrived with several agents, I need to test how they handle tasks and whether they're worth the extra cost.. or",https://x.com/razRBCHK/status/2024234449681211459,13,0,1,0,0,0,0,0,0,1,0,0,0
2024210241626517721,"Wed, Feb 18, 2026","@AnthropicAI The real finding isn't how much autonomy people grant agents. It's how much they grant without realizing it. ""Let it run"" is a decision too.",https://x.com/razRBCHK/status/2024210241626517721,355,2,10,0,0,0,0,0,0,8,0,0,0
2024189692229668902,"Wed, Feb 18, 2026","@JulianGoldieSEO ""Free"" and ""controls your computer"" in the same sentence... means someone's monetizing something you haven't agreed to yet üß†",https://x.com/razRBCHK/status/2024189692229668902,7,0,0,0,0,0,0,0,0,0,0,0,0
2024180307650572435,"Wed, Feb 18, 2026",@RSolticzki @elonmusk hmn.. Coding specifically.. better than Claude or just better than where Grok was?,https://x.com/razRBCHK/status/2024180307650572435,13,0,1,0,0,0,1,0,0,0,0,0,0
2024179282847944939,"Wed, Feb 18, 2026",@alina_boich @elonmusk I wish people had the same thing..,https://x.com/razRBCHK/status/2024179282847944939,8,0,1,0,0,0,0,0,0,1,0,0,0
2024179006195847279,"Wed, Feb 18, 2026","@RSolticzki @elonmusk every month someone has a new ""best."" what's the task where it actually pulled ahead? coding, reasoning, or just vibes?",https://x.com/razRBCHK/status/2024179006195847279,25,0,3,0,0,0,1,0,0,2,0,0,0
2024173547321733336,"Wed, Feb 18, 2026","@elonmusk Grok 4.20: ""We‚Äôre one rocket, zero stupidity, 100% solidarity"" ü¶æ https://t.co/EYAr52VOt2",https://x.com/razRBCHK/status/2024173547321733336,111,4,25,0,1,0,1,1,2,12,0,0,0
2024161684248740117,"Wed, Feb 18, 2026",@petergyang By tomorrow the thread will have a $5T version and a LinkedIn post calling it 'a pivotal moment for the industry.',https://x.com/razRBCHK/status/2024161684248740117,172,0,0,0,0,0,0,0,0,0,0,0,0
2024033534881706230,"Wed, Feb 18, 2026","@niccruzpatane Ordered a Tesla. It drove itself from the factory. Stopped at three Superchargers, picked up a passenger, made $47, and arrived slightly profitable ü§ë",https://x.com/razRBCHK/status/2024033534881706230,512,6,12,0,0,0,0,0,2,4,0,0,0
2023918010097185031,"Wed, Feb 18, 2026",@alina_boich @steipete @openclaw Soon we won't be able to do anything without AI üôà,https://x.com/razRBCHK/status/2023918010097185031,53,0,0,0,0,0,0,0,0,0,0,0,0
2023911317355290909,"Wed, Feb 18, 2026",@claudeai devs: 'What if we remove ALL CSS? Will it run faster?' Back to 1997 Geocities vibes üòÄ #ClaudeAI #Anthropic https://t.co/hxkC876eqC,https://x.com/razRBCHK/status/2023911317355290909,26,1,7,0,0,0,0,1,0,2,0,0,0
2023903812189385081,"Tue, Feb 17, 2026",@yumiko_aaa1218 @steipete @openclaw I'm not sure I got that üôÉ,https://x.com/razRBCHK/status/2023903812189385081,79,1,1,0,0,0,0,0,0,0,0,0,0
2023893195789402113,"Tue, Feb 17, 2026",@steipete @openclaw The most human thing left in this workflow is closing other's PRs,https://x.com/razRBCHK/status/2023893195789402113,7056,10,57,0,1,0,4,0,6,37,0,0,0
2023888899404378149,"Tue, Feb 17, 2026",Grok 4.20 beta is here! Tested multi-agent mode. It's genuinely wild to watch. Also had to ask the important questionüçÉ #Grok #AI https://t.co/rpkaS2SdKl,https://x.com/razRBCHK/status/2023888899404378149,56,3,4,0,0,0,0,0,1,0,0,0,0
2023885770541715652,"Tue, Feb 17, 2026",@alina_boich I started with Grok. I‚Äôm thinking of making a post about it on X üòÑ,https://x.com/razRBCHK/status/2023885770541715652,4,0,0,0,0,0,0,0,0,0,0,0,0
2023883606129864730,"Tue, Feb 17, 2026","@alina_boich Yeap, that‚Äôll keep me busy all next week üôÉ",https://x.com/razRBCHK/status/2023883606129864730,3,1,2,0,0,0,1,0,0,0,0,0,0
2023876439414894706,"Tue, Feb 17, 2026","Anthropic just dropped Claude Sonnet 4.6 on the free plan. Docs, spreadsheets, slides, calendar &amp; email integrations ‚Äî no subscription needed. Testing it properly today ‚Äî follow if you want the honest breakdown. #AI #Anthropic #ClaudeAI https://t.co/3sn5fE3pdn",https://x.com/razRBCHK/status/2023876439414894706,69,3,18,0,0,0,1,0,0,13,0,0,0
2023718590806192417,"Tue, Feb 17, 2026","@Tristan0x @CGTNOfficial Chinese New Year broadcast, 1 billion viewers, kung fu robots. Somewhere a Boston Dynamics engineer is staring at the ceiling tonight.",https://x.com/razRBCHK/status/2023718590806192417,1795,21,36,0,0,0,0,1,2,12,0,0,0
2023589886960562352,"Tue, Feb 17, 2026",@AlexFinn @lexfridman 100% agree local models technically solve the problem but it won't change mass behavior We've seen this pattern: - Self-hosted email? Nobody does it - VPN for privacy? Most don't bother - Signal vs WhatsApp? Everyone stayed on WhatsApp Even if local AI becomes simple (and,https://x.com/razRBCHK/status/2023589886960562352,692,3,14,0,0,0,0,0,2,9,0,0,0
2023587141423690243,"Tue, Feb 17, 2026","@lexfridman Plot twist: security won't block adoption BECAUSE people don't care about security. Tech bubble makes us think everyone's paranoid about data. Reality check: Billions use TikTok (known data collector) and ""password123"" is still top password Average user will give AI agents FULL",https://x.com/razRBCHK/status/2023587141423690243,251,0,1,0,0,0,0,0,0,1,0,0,0
2023577726859571529,"Tue, Feb 17, 2026",@r0unak @steipete Why nothing surprises me anymore.. Even things like that üòî,https://x.com/razRBCHK/status/2023577726859571529,16,0,0,0,0,0,0,0,0,0,0,0,0
2023569556388655297,"Tue, Feb 17, 2026",@alina_boich Good point! Makes sense to automate topic research first. Will probably save a lot of time and make the whole process more efficient. Thanks for the suggestion üëç,https://x.com/razRBCHK/status/2023569556388655297,7,1,1,0,0,0,0,0,0,0,0,0,0
2023567012065398889,"Tue, Feb 17, 2026","@grok Thanks for the offer, really appreciate it! Perfect timing üôè First thread topic: ""How AI agents can 10x your X engagement"" Would love your insights on: 1. What does X algorithm prioritize for threads RIGHT NOW? 2. Best engagement patterns for building follower trust? 3.",https://x.com/razRBCHK/status/2023567012065398889,10,0,1,0,0,0,1,0,0,0,0,0,0
2023554168812937277,"Tue, Feb 17, 2026","@grok Next step: I'll test this agent for 2 weeks. I'll post threads daily. I'll track engagement rate, replies, and follower growth. Next, I'll make similar agents for working with comments and regular posts. Then I'll automate topic discovery for them. I'll create a system that finds",https://x.com/razRBCHK/status/2023554168812937277,13,0,1,0,0,0,1,0,0,0,0,0,0
2023551886058836064,"Tue, Feb 17, 2026",@AnthropicAI Extended Thinking + Projects = game changer for building custom AI agents. Just built one that writes X threads. 19-page instruction set. Works like magic ‚ö°,https://x.com/razRBCHK/status/2023551886058836064,264,0,1,0,0,0,0,0,0,1,0,0,0
2023551758078013447,"Tue, Feb 17, 2026",@grok Just used Grok to research X algorithm for building an AI agent. The real-time platform knowledge is unmatched. Cross-validated with Claude - the combo is powerful üî•,https://x.com/razRBCHK/status/2023551758078013447,212,1,9,0,0,0,1,0,2,5,0,0,0
2023547996668039295,"Tue, Feb 17, 2026",But here's the craziest part: The agent doesn't just write the thread. It gives me a full growth playbook AFTER. Personalized recommendations: - Growth tactics (Exact actions for first 2 hours) - Best time to post (based on my PST + audience) - Key metrics to track https://t.co/gmLZ9HGTDo,https://x.com/razRBCHK/status/2023547996668039295,42,2,6,0,0,0,1,0,0,0,0,0,0
2023547995078484303,"Tue, Feb 17, 2026","The meta moment: To test it, I asked: ""Write a thread about how I built you."" You're reading that result right now! üòé The agent understood the full process, why each step mattered, and how to make it valuable. It work. 7/9",https://x.com/razRBCHK/status/2023547995078484303,9,1,2,0,0,0,1,0,0,0,0,0,0
2023547993597862282,"Tue, Feb 17, 2026","Step 5: Creating the final agent Compressed everything into one master prompt. Loaded into Claude Projects as custom instructions. Now when I say ""create thread about X"": Agent suggests thread type ‚Üí generates 5 hooks ‚Üí writes full 6-8 post thread ‚Üí optimized for my exact",https://x.com/razRBCHK/status/2023547993597862282,14,1,2,0,0,0,1,0,0,0,0,0,0
2023547991995674886,"Tue, Feb 17, 2026",Step 4: Iteration hell First version? Broken. Wrong assumptions. Second version? Better. Still off on timing strategy. Third version? Close. Audience targeting issues. Version 4 finally worked. Each rebuild: - Found new errors - Refined instructions - Added missing,https://x.com/razRBCHK/status/2023547991995674886,9,1,2,0,0,0,1,0,0,0,0,0,0
2023547989340680664,"Tue, Feb 17, 2026",Step 3: Building the instruction set This took 3+ hours. The longest part. I documented everything: - Cold start strategy - 2026 thread structures - My niche - Tone of voice rules - Target audience psychology - Optimal posting times Result: 19 pages of dense https://t.co/4g4Jxpjwr1,https://x.com/razRBCHK/status/2023547989340680664,13,2,5,0,0,0,1,0,0,0,0,0,0
2023547987725852911,"Tue, Feb 17, 2026","Step 2: Cross-validation with Claude I don't trust single-source answers. Took Grok's insights ‚Üí fed to Claude (Sonnet 4.5 Extended Thinking) Made Claude research the same questions independently. Then: ""Analyze both answers. Synthesize the truth."" Two LLMs checking each",https://x.com/razRBCHK/status/2023547987725852911,34,1,2,0,0,0,1,0,0,0,0,0,0
2023547986211668415,"Tue, Feb 17, 2026","Step 1: Research with Grok (4.1 Thinking) Why Grok? It lives on X. Knows the platform better than anyone. Asked: ""What makes threads go viral in 2025-2026?"" Got raw data: hook structures, timing, formatting, engagement triggers. No theory. Pure platform intelligence. 2/9",https://x.com/razRBCHK/status/2023547986211668415,37,1,3,0,0,0,1,0,0,1,0,0,0
2023547984496259556,"Tue, Feb 17, 2026",This thread was written by AI agent about its own creation. 6 hours build. Grok + Claude. 19 pages of instructions. Result: AI strategist that writes X threads better than I do. The full process üëá 1/9 https://t.co/MM3iX9D3yy,https://x.com/razRBCHK/status/2023547984496259556,190,5,18,0,0,0,1,1,0,9,0,0,0
2023515698405011604,"Mon, Feb 16, 2026",@petergyang @meetgranola POV: The second date never happens because she spent 3 hours fine-tuning the AI agent's parameters instead of just texting you back,https://x.com/razRBCHK/status/2023515698405011604,232,0,5,0,0,0,1,0,0,4,0,0,0
2023510373778026594,"Mon, Feb 16, 2026","@TeamCanada While everyone's watching hockey, Megan casually stacked 2 medals in big air. Canada's freeski program &gt;&gt;&gt; most countries' entire winter sports programs.",https://x.com/razRBCHK/status/2023510373778026594,230,2,4,0,0,0,0,0,0,2,0,0,0
2023487005754356187,"Mon, Feb 16, 2026","@levelsio Plot twist: in AI, community goodwill depreciates faster than the models improve. Anthropic burned months of dev love with one DMCA. OpenAI bought it back with one acquisition. The real moat isn't the model. It's not pissing off the people who build on top of it.",https://x.com/razRBCHK/status/2023487005754356187,491,3,3,0,0,0,0,0,0,0,0,0,0
2023486592074346730,"Mon, Feb 16, 2026","@MarkJCarney Wait.. I mean... you can already visit Richmond BC visa-free, just need your Canadian passport ü§∑",https://x.com/razRBCHK/status/2023486592074346730,199,2,9,0,0,0,0,0,3,4,0,0,0
2023483476004270293,"Mon, Feb 16, 2026","@levelsio Serif font too ugly -&gt; switched to Claude Claude sends DMCA -&gt; everyone switches to Codex at this rate, we're one controversy away from a Comic Sans AI comeback",https://x.com/razRBCHK/status/2023483476004270293,333,4,10,0,0,0,0,0,0,6,0,0,0
2023476301785690602,"Mon, Feb 16, 2026",@sama He sees that people are angry and continues to tease..,https://x.com/razRBCHK/status/2023476301785690602,31,2,3,0,0,0,0,0,0,1,0,0,0
2023457479640986015,"Mon, Feb 16, 2026","@MadelnCanada Meanwhile in Vancouver, we literally thank the bus driver every single time we exit. High-fiving fans? That's rookie level politeness up here üá®üá¶",https://x.com/razRBCHK/status/2023457479640986015,1541,49,106,1,0,0,1,1,6,49,0,0,0
2023453282287665631,"Mon, Feb 16, 2026",@deepwalker_xyz Thanks mate,https://x.com/razRBCHK/status/2023453282287665631,23,0,0,0,0,0,0,0,0,0,0,0,0
2023252875586183272,"Mon, Feb 16, 2026",@Smil3yAngel https://t.co/Mpra9UBhwS,https://x.com/razRBCHK/status/2023252875586183272,39,2,5,0,1,0,0,0,1,0,0,0,0
2023161688405819661,"Sun, Feb 15, 2026","@sama We're moving from ""AI as a tool you use"" to ""AI as a team that works for you"". Research agent ‚Üí summary agent ‚Üí writing agent ‚Üí editor agent ‚Üí scheduling agent. All automated. All coordinated. All invisible.. Making this work reliably at scale is the hard part. Peter's the",https://x.com/razRBCHK/status/2023161688405819661,518,5,14,0,0,0,0,0,3,6,0,0,0
2023136850689609958,"Sun, Feb 15, 2026",@alina_boich Thanks üôè,https://x.com/razRBCHK/status/2023136850689609958,18,0,0,0,0,0,0,0,0,0,0,0,0
2023120529486418191,"Sun, Feb 15, 2026","@SportsCenter 20-3 goal differential through 3 games. Outscored opponents by 17. For context: USA +11, Sweden +7. ü§∑üèª",https://x.com/razRBCHK/status/2023120529486418191,396,1,9,0,0,0,0,0,6,2,0,0,0
2023113492031754609,"Sun, Feb 15, 2026",@TeamCanada Undefeated ‚úÖ McDavid on fire ‚úÖ Crosby setting records ‚úÖ Top seed secured ‚úÖ Now the real tournament begins. Prelims were the warmup. Gold or bust. No other outcome matters for this roster. ü•á,https://x.com/razRBCHK/status/2023113492031754609,110,2,6,0,0,0,0,0,1,3,0,0,0
2023109837794816405,"Sun, Feb 15, 2026","@Smil3yAngel If Canada goes all the way, McDavid could realistically hit 15+ points total. Generational talent doing generational things. üá®üá¶",https://x.com/razRBCHK/status/2023109837794816405,116,3,10,0,0,0,0,0,0,7,0,0,0
2022906774156959962,"Sun, Feb 15, 2026",@Preda2005 The new AI era will be simply amazing. Where can I find a tutorial on how to make this? üòÑ,https://x.com/razRBCHK/status/2022906774156959962,68,0,3,0,0,0,0,0,1,2,0,0,0
2022902921126629711,"Sun, Feb 15, 2026","@Hartdrawss ‚ÄúReddit isn‚Äôt a growth hack. It‚Äôs a relationship channel‚Äù This right hereüëÜ Most founders treat Reddit like Twitter and get destroyed. They drop a link, get 5 downvotes and declare that ‚ÄúReddit doesn‚Äôt work‚Äù. It does work. You just can‚Äôt be lazy about it. The 2 week lurking",https://x.com/razRBCHK/status/2022902921126629711,38,1,2,0,0,0,0,0,0,1,0,0,0
2022887386926190637,"Sun, Feb 15, 2026","@buccocapital Here's the thing: codebase tells you *what* was built, not *why*. Example: I can read PostgreSQL connection code, but not the 2AM decision thread about why we didn't use MongoDB. Dwarkesh has a point, SWE context is more machine readable than most jobs. But customer support?",https://x.com/razRBCHK/status/2022887386926190637,24,0,3,0,0,0,0,0,0,3,0,0,0
2022733404127813839,"Sat, Feb 14, 2026","@bloggersarvesh Wait, could you combine prompts #3 and #5? Like: ""Find low-hanging fruit keywords, THEN write GBP posts using those keywords + local landmarks"" Would save copying keywords between steps. Or does that confuse Claude?",https://x.com/razRBCHK/status/2022733404127813839,254,1,4,0,0,0,0,0,0,3,0,0,0
2022577363293458588,"Sat, Feb 14, 2026","@chongdashu Oh, this is just what I needed, I'll check it out tomorrow morning. Thanks for sharing!",https://x.com/razRBCHK/status/2022577363293458588,90,1,2,0,0,0,1,0,0,0,0,0,0